
{
    "orders": [{
            "orderId": "WD12820563",
            "orderDate": "2018-07-28T16:39:06Z",
            "status": "TRANSMITTED",
            "orderTotal": 7.61,
            "orderStatus": "PLACED",
            "type": "COM"
        }, {
            "orderId": "W829011770",
            "orderDate": "2018-03-21T16:02:33Z",
            "status": "TRANSMITTED",
            "orderTotal": 18.29,
            "orderStatus": "PLACED",
            "type": "COM"
        }, {
            "orderId": "W801465804",
            "orderDate": "2017-10-25T03:01:51Z",
            "status": "TRANSMITTED",
            "orderTotal": 7.48,
            "orderStatus": "PLACED",
            "type": "COM"
        }, {
            "orderId": "W596105359",
            "orderDate": "2017-04-28T02:01:19Z",
            "status": "TRANSMITTED",
            "orderTotal": 56.26,
            "orderStatus": "PLACED",
            "type": "NA"
        }, {
            "orderId": "W581402167",
            "orderDate": "2018-03-16T17:04:07Z",
            "status": "TRANSMITTED",
            "orderTotal": 21.09,
            "orderStatus": "PLACED",
            "type": "NA"
        }, {
            "orderId": "W560385619",
            "orderDate": "2018-01-07T17:35:47Z",
            "status": "TRANSMITTED",
            "orderTotal": 3.97,
            "orderStatus": "TRANSMITTED",
            "type": "COM"
        }, {
            "orderId": "W560275867",
            "orderDate": "2018-01-07T04:08:25Z",
            "status": "TRANSMITTED",
            "orderTotal": 0.0,
            "orderStatus": "TRANSMITTED",
            "type": "TBD"
        }, {
            "orderId": "W453001907",
            "orderDate": "2018-01-22T16:33:20Z",
            "status": "TRANSMITTED",
            "orderTotal": 99.96,
            "orderStatus": "TRANSMITTED",
            "type": "MIXED"
        }, {
            "orderId": "W226568503",
            "orderDate": "2017-08-26T20:28:45Z",
            "status": "TRANSMITTED",
            "orderTotal": 149.0,
            "orderStatus": "TRANSMITTED",
            "type": "MIXED"
        }, {
            "orderId": "W215994093",
            "orderDate": "2017-07-03T16:29:43Z",
            "status": "TRANSMITTED",
            "orderTotal": 449.99,
            "orderStatus": "TRANSMITTED",
            "type": "COM"
        },
        {
            "storeNumber": "6557",
            "registerNumber": "57",
            "transactionNumber": "1779",
            "date": "2018-01-07",
            "status": "Complete",
            "total": 9.65
        }, {
            "storeNumber": "0539",
            "registerNumber": "056",
            "transactionNumber": "05122",
            "date": "2017-10-25",
            "status": "Complete",
            "total": 4.27
        }, {
            "storeNumber": "587",
            "registerNumber": "00059 ",
            "transactionNumber": "9397",
            "date": "2018-01-07",
            "status": "Complete",
            "total": 9.71
        }, {
            "storeNumber": "6557",
            "registerNumber": "19 ",
            "transactionNumber": "08052",
            "date": "2018-03-16",
            "status": "Complete",
            "total": 42.16
        }, {
            "storeNumber": "6557",
            "registerNumber": "20 ",
            "transactionNumber": "00468",
            "date": "2017-04-23",
            "status": "Complete",
            "total": 18.50
        }, {
            "storeNumber": "6833",
            "registerNumber": "058",
            "transactionNumber": "2415",
            "date": "2017-02-18",
            "status": "Complete",
            "total": 13.00
        }
    ]
}

